timestamp,mhz_min,mhz_median,mhz_max,steal_frac,load1
1790835830.777,2200.2,2200.2,2200.2,0.00000,23.46
1790835831.779,2200.2,2200.2,2200.2,0.00000,23.46
1790835832.781,2200.2,2200.2,2200.2,0.00000,23.46
1790835833.782,2200.2,2200.2,2200.2,0.00000,23.46
1790835834.784,2200.2,2200.2,2200.2,0.00000,21.66
1790835835.786,2200.2,2200.2,2200.2,0.00000,21.66
1790835836.788,2200.2,2200.2,2200.2,0.00000,21.66
1790835837.789,2200.2,2200.2,2200.2,0.00000,21.66
1790835838.791,2200.2,2200.2,2200.2,0.00000,21.66
1790835839.793,2200.2,2200.2,2200.2,0.00000,20.01
1790835840.795,2200.2,2200.2,2200.2,0.00000,20.01
1790835841.796,2200.2,2200.2,2200.2,0.00000,20.01
1790835842.798,2200.2,2200.2,2200.2,0.00000,20.01
1790835843.800,2200.2,2200.2,2200.2,0.00000,20.01
1790835844.802,2200.2,2200.2,2200.2,0.00000,18.49
1790835845.803,2200.2,2200.2,2200.2,0.00000,18.49
1790835846.805,2200.2,2200.2,2200.2,0.00000,18.49
1790835847.807,2200.2,2200.2,2200.2,0.00000,18.49
1790835848.809,2200.2,2200.2,2200.2,0.00000,18.49
1790835849.811,2200.2,2200.2,2200.2,0.00000,17.09
1790835850.812,2200.2,2200.2,2200.2,0.00000,17.09
1790835851.814,2200.2,2200.2,2200.2,0.00000,17.09
1790835852.816,2200.2,2200.2,2200.2,0.00000,17.09
1790835853.817,2200.2,2200.2,2200.2,0.00000,17.09
1790835854.819,2200.2,2200.2,2200.2,0.00000,15.80
1790835855.821,2200.2,2200.2,2200.2,0.00000,15.80
1790835856.823,2200.2,2200.2,2200.2,0.00000,15.80
1790835857.824,2200.2,2200.2,2200.2,0.00000,15.80
1790835858.826,2200.2,2200.2,2200.2,0.00000,15.80
1790835859.828,2200.2,2200.2,2200.2,0.00000,14.61
1790835860.829,2200.2,2200.2,2200.2,0.00000,14.61
1790835861.831,2200.2,2200.2,2200.2,0.00000,14.61
1790835862.833,2200.2,2200.2,2200.2,0.00000,14.61
1790835863.834,2200.2,2200.2,2200.2,0.00000,14.61
1790835864.836,2200.2,2200.2,2200.2,0.00000,13.52
1790835865.838,2200.2,2200.2,2200.2,0.00000,13.52
1790835866.839,2200.2,2200.2,2200.2,0.00000,13.52
1790835867.841,2200.2,2200.2,2200.2,0.00000,13.52
1790835868.843,2200.2,2200.2,2200.2,0.00000,13.52
1790835869.845,2200.2,2200.2,2200.2,0.00000,12.52
1790835870.846,2200.2,2200.2,2200.2,0.00000,12.52
1790835871.847,2200.2,2200.2,2200.2,0.00000,12.52
1790835872.849,2200.2,2200.2,2200.2,0.00000,12.52
1790835873.851,2200.2,2200.2,2200.2,0.00000,12.52
1790835874.852,2200.2,2200.2,2200.2,0.00000,11.60
1790835875.854,2200.2,2200.2,2200.2,0.00000,11.60
1790835876.856,2200.2,2200.2,2200.2,0.00000,11.60
1790835877.857,2200.2,2200.2,2200.2,0.00000,11.60
1790835878.859,2200.2,2200.2,2200.2,0.00000,11.60
1790835879.861,2200.2,2200.2,2200.2,0.00000,10.75
1790835880.862,2200.2,2200.2,2200.2,0.00000,10.75
1790835881.864,2200.2,2200.2,2200.2,0.00000,10.75
1790835882.866,2200.2,2200.2,2200.2,0.00000,10.75
1790835883.867,2200.2,2200.2,2200.2,0.00000,10.75
1790835884.869,2200.2,2200.2,2200.2,0.00000,9.97
1790835885.871,2200.2,2200.2,2200.2,0.00000,9.97
1790835886.873,2200.2,2200.2,2200.2,0.00000,9.97
1790835887.874,2200.2,2200.2,2200.2,0.00000,9.97
1790835888.875,2200.2,2200.2,2200.2,0.00000,9.97
1790835889.877,2200.2,2200.2,2200.2,0.00000,9.25
1790835890.879,2200.2,2200.2,2200.2,0.00000,9.25
1790835891.880,2200.2,2200.2,2200.2,0.00000,9.25
1790835892.882,2200.2,2200.2,2200.2,0.00000,9.25
1790835893.884,2200.2,2200.2,2200.2,0.00000,9.25
1790835894.885,2200.2,2200.2,2200.2,0.00000,8.59
1790835895.887,2200.2,2200.2,2200.2,0.00000,8.59
1790835896.889,2200.2,2200.2,2200.2,0.00000,8.59
1790835897.890,2200.2,2200.2,2200.2,0.00000,8.59
1790835898.892,2200.2,2200.2,2200.2,0.00000,8.59
1790835899.894,2200.2,2200.2,2200.2,0.00000,7.98
1790835900.895,2200.2,2200.2,2200.2,0.00000,7.98
1790835901.896,2200.2,2200.2,2200.2,0.00000,7.98
1790835902.898,2200.2,2200.2,2200.2,0.00000,7.98
1790835903.900,2200.2,2200.2,2200.2,0.00000,7.98
1790835904.901,2200.2,2200.2,2200.2,0.00000,7.42
1790835905.903,2200.2,2200.2,2200.2,0.00000,7.42
1790835906.905,2200.2,2200.2,2200.2,0.00000,7.42
1790835907.907,2200.2,2200.2,2200.2,0.00000,7.42
1790835908.908,2200.2,2200.2,2200.2,0.00000,7.42
1790835909.910,2200.2,2200.2,2200.2,0.00000,6.91
1790835910.912,2200.2,2200.2,2200.2,0.00000,6.91
1790835911.914,2200.2,2200.2,2200.2,0.00000,6.91
1790835912.916,2200.2,2200.2,2200.2,0.00000,6.91
1790835913.918,2200.2,2200.2,2200.2,0.00000,6.91
1790835914.919,2200.2,2200.2,2200.2,0.00000,6.43
1790835915.921,2200.2,2200.2,2200.2,0.00000,6.43
1790835916.923,2200.2,2200.2,2200.2,0.00000,6.43
1790835917.924,2200.2,2200.2,2200.2,0.00000,6.43
1790835918.926,2200.2,2200.2,2200.2,0.00000,6.43
1790835919.928,2200.2,2200.2,2200.2,0.00000,6.00
1790835920.930,2200.2,2200.2,2200.2,0.00000,6.00
1790835921.931,2200.2,2200.2,2200.2,0.00000,6.00
1790835922.933,2200.2,2200.2,2200.2,0.00000,6.00
1790835923.935,2200.2,2200.2,2200.2,0.00000,6.00
1790835924.937,2200.2,2200.2,2200.2,0.00000,5.60
1790835925.938,2200.2,2200.2,2200.2,0.00000,5.60
1790835926.940,2200.2,2200.2,2200.2,0.00000,5.60
1790835927.942,2200.2,2200.2,2200.2,0.00000,5.60
1790835928.943,2200.2,2200.2,2200.2,0.00000,5.60
1790835929.945,2200.2,2200.2,2200.2,0.00000,5.23
1790835930.947,2200.2,2200.2,2200.2,0.00000,5.23
1790835931.948,2200.2,2200.2,2200.2,0.00000,5.23
1790835932.950,2200.2,2200.2,2200.2,0.00000,5.23
1790835933.952,2200.2,2200.2,2200.2,0.00000,5.23
1790835934.954,2200.2,2200.2,2200.2,0.00000,5.29
1790835935.955,2200.2,2200.2,2200.2,0.00000,5.29
1790835936.957,2200.2,2200.2,2200.2,0.00000,5.29
1790835937.959,2200.2,2200.2,2200.2,0.00000,5.29
1790835938.960,2200.2,2200.2,2200.2,0.00000,5.29
1790835939.962,2200.2,2200.2,2200.2,0.00000,4.95
1790835940.964,2200.2,2200.2,2200.2,0.00000,4.95
1790835941.965,2200.2,2200.2,2200.2,0.00000,4.95
1790835942.967,2200.2,2200.2,2200.2,0.00000,4.95
1790835943.969,2200.2,2200.2,2200.2,0.00000,4.95
1790835944.971,2200.2,2200.2,2200.2,0.00000,5.03
1790835945.972,2200.2,2200.2,2200.2,0.00000,5.03
1790835946.974,2200.2,2200.2,2200.2,0.00000,5.03
1790835947.975,2200.2,2200.2,2200.2,0.00000,5.03
1790835948.977,2200.2,2200.2,2200.2,0.00000,5.03
1790835949.979,2200.2,2200.2,2200.2,0.00000,4.71
1790835950.981,2200.2,2200.2,2200.2,0.00000,4.71
1790835951.982,2200.2,2200.2,2200.2,0.00000,4.71
1790835952.984,2200.2,2200.2,2200.2,0.00000,4.71
1790835953.986,2200.2,2200.2,2200.2,0.00000,4.71
1790835954.987,2200.2,2200.2,2200.2,0.00000,4.41
1790835955.989,2200.2,2200.2,2200.2,0.00000,4.41
1790835956.991,2200.2,2200.2,2200.2,0.00000,4.41
1790835957.992,2200.2,2200.2,2200.2,0.00000,4.41
1790835958.994,2200.2,2200.2,2200.2,0.00000,4.41
1790835959.996,2200.2,2200.2,2200.2,0.00000,4.14
1790835960.997,2200.2,2200.2,2200.2,0.00000,4.14
1790835961.999,2200.2,2200.2,2200.2,0.00000,4.14
1790835963.001,2200.2,2200.2,2200.2,0.00000,4.14
1790835964.002,2200.2,2200.2,2200.2,0.00000,4.14
1790835965.004,2200.2,2200.2,2200.2,0.00000,3.89
1790835966.006,2200.2,2200.2,2200.2,0.00000,3.89
1790835967.008,2200.2,2200.2,2200.2,0.00000,3.89
1790835968.009,2200.2,2200.2,2200.2,0.00000,3.89
1790835969.011,2200.2,2200.2,2200.2,0.00000,3.89
1790835970.013,2200.2,2200.2,2200.2,0.00000,3.65
1790835971.014,2200.2,2200.2,2200.2,0.00000,3.65
1790835972.016,2200.2,2200.2,2200.2,0.00000,3.65
1790835973.018,2200.2,2200.2,2200.2,0.00000,3.65
1790835974.019,2200.2,2200.2,2200.2,0.00000,3.65
1790835975.021,2200.2,2200.2,2200.2,0.00000,3.44
1790835976.023,2200.2,2200.2,2200.2,0.00000,3.44
1790835977.025,2200.2,2200.2,2200.2,0.00000,3.44
1790835978.026,2200.2,2200.2,2200.2,0.00000,3.44
1790835979.028,2200.2,2200.2,2200.2,0.00000,3.44
1790835980.030,2200.2,2200.2,2200.2,0.00000,3.25
1790835981.031,2200.2,2200.2,2200.2,0.00000,3.25
1790835982.032,2200.2,2200.2,2200.2,0.00000,3.25
1790835983.034,2200.2,2200.2,2200.2,0.00000,3.25
1790835984.036,2200.2,2200.2,2200.2,0.00000,3.25
1790835985.037,2200.2,2200.2,2200.2,0.00000,3.07
1790835986.039,2200.2,2200.2,2200.2,0.00000,3.07
1790835987.041,2200.2,2200.2,2200.2,0.00000,3.07
1790835988.042,2200.2,2200.2,2200.2,0.00000,3.07
1790835989.044,2200.2,2200.2,2200.2,0.00000,3.07
1790835990.046,2200.2,2200.2,2200.2,0.00000,2.90
1790835991.048,2200.2,2200.2,2200.2,0.00000,2.90
1790835992.049,2200.2,2200.2,2200.2,0.00000,2.90
1790835993.051,2200.2,2200.2,2200.2,0.00000,2.90
1790835994.053,2200.2,2200.2,2200.2,0.00000,2.90
1790835995.054,2200.2,2200.2,2200.2,0.00000,2.75
1790835996.056,2200.2,2200.2,2200.2,0.00000,2.75
1790835997.058,2200.2,2200.2,2200.2,0.00000,2.75
1790835998.060,2200.2,2200.2,2200.2,0.00000,2.75
1790835999.061,2200.2,2200.2,2200.2,0.00000,2.75
1790836000.063,2200.2,2200.2,2200.2,0.00000,2.61
1790836001.065,2200.2,2200.2,2200.2,0.00000,2.61
1790836002.067,2200.2,2200.2,2200.2,0.00000,2.61
1790836003.068,2200.2,2200.2,2200.2,0.00000,2.61
1790836004.070,2200.2,2200.2,2200.2,0.00000,2.61
1790836005.072,2200.2,2200.2,2200.2,0.00000,2.48
1790836006.073,2200.2,2200.2,2200.2,0.00000,2.48
1790836007.075,2200.2,2200.2,2200.2,0.00000,2.48
1790836008.077,2200.2,2200.2,2200.2,0.00000,2.48
1790836009.079,2200.2,2200.2,2200.2,0.00000,2.48
1790836010.080,2200.2,2200.2,2200.2,0.00000,2.36
1790836011.082,2200.2,2200.2,2200.2,0.00000,2.36
1790836012.084,2200.2,2200.2,2200.2,0.00000,2.36
1790836013.086,2200.2,2200.2,2200.2,0.00000,2.36
1790836014.087,2200.2,2200.2,2200.2,0.00000,2.36
1790836015.089,2200.2,2200.2,2200.2,0.00000,2.25
1790836016.091,2200.2,2200.2,2200.2,0.00000,2.25
1790836017.092,2200.2,2200.2,2200.2,0.00000,2.25
1790836018.094,2200.2,2200.2,2200.2,0.00000,2.25
1790836019.096,2200.2,2200.2,2200.2,0.00000,2.25
1790836020.098,2200.2,2200.2,2200.2,0.00000,2.15
1790836021.099,2200.2,2200.2,2200.2,0.00000,2.15
1790836022.101,2200.2,2200.2,2200.2,0.00000,2.15
1790836023.103,2200.2,2200.2,2200.2,0.00000,2.15
1790836024.104,2200.2,2200.2,2200.2,0.00000,2.15
1790836025.106,2200.2,2200.2,2200.2,0.00000,2.06
1790836026.108,2200.2,2200.2,2200.2,0.00000,2.06
1790836027.110,2200.2,2200.2,2200.2,0.00000,2.06
1790836028.111,2200.2,2200.2,2200.2,0.00000,2.06
1790836029.113,2200.2,2200.2,2200.2,0.00000,2.06
1790836030.115,2200.2,2200.2,2200.2,0.00000,1.97
1790836031.116,2200.2,2200.2,2200.2,0.00000,1.97
1790836032.118,2200.2,2200.2,2200.2,0.00000,1.97
1790836033.120,2200.2,2200.2,2200.2,0.00000,1.97
1790836034.121,2200.2,2200.2,2200.2,0.00000,1.97
1790836035.123,2200.2,2200.2,2200.2,0.00000,1.89
1790836036.125,2200.2,2200.2,2200.2,0.00000,1.89
1790836037.126,2200.2,2200.2,2200.2,0.00000,1.89
1790836038.128,2200.2,2200.2,2200.2,0.00000,1.89
1790836039.130,2200.2,2200.2,2200.2,0.00000,1.89
1790836040.131,2200.2,2200.2,2200.2,0.00000,1.82
1790836041.133,2200.2,2200.2,2200.2,0.00000,1.82
1790836042.135,2200.2,2200.2,2200.2,0.00000,1.82
1790836043.137,2200.2,2200.2,2200.2,0.00000,1.82
1790836044.138,2200.2,2200.2,2200.2,0.00000,1.82
1790836045.140,2200.2,2200.2,2200.2,0.00000,1.76
1790836046.142,2200.2,2200.2,2200.2,0.00000,1.76
1790836047.143,2200.2,2200.2,2200.2,0.00000,1.76
1790836048.145,2200.2,2200.2,2200.2,0.00000,1.76
1790836049.147,2200.2,2200.2,2200.2,0.00000,1.76
1790836050.148,2200.2,2200.2,2200.2,0.00000,1.70
1790836051.150,2200.2,2200.2,2200.2,0.00000,1.70
1790836052.152,2200.2,2200.2,2200.2,0.00000,1.70
1790836053.153,2200.2,2200.2,2200.2,0.00000,1.70
1790836054.155,2200.2,2200.2,2200.2,0.00000,1.70
1790836055.157,2200.2,2200.2,2200.2,0.00000,1.64
1790836056.158,2200.2,2200.2,2200.2,0.00000,1.64
1790836057.160,2200.2,2200.2,2200.2,0.00000,1.64
1790836058.162,2200.2,2200.2,2200.2,0.00000,1.64
1790836059.163,2200.2,2200.2,2200.2,0.00000,1.64
1790836060.165,2200.2,2200.2,2200.2,0.00000,1.59
1790836061.167,2200.2,2200.2,2200.2,0.00000,1.59
1790836062.168,2200.2,2200.2,2200.2,0.00000,1.59
1790836063.170,2200.2,2200.2,2200.2,0.00000,1.59
1790836064.172,2200.2,2200.2,2200.2,0.00000,1.59
1790836065.173,2200.2,2200.2,2200.2,0.00000,1.54
1790836066.175,2200.2,2200.2,2200.2,0.00000,1.54
1790836067.177,2200.2,2200.2,2200.2,0.00000,1.54
1790836068.179,2200.2,2200.2,2200.2,0.00000,1.54
1790836069.180,2200.2,2200.2,2200.2,0.00000,1.54
1790836070.182,2200.2,2200.2,2200.2,0.00000,1.90
1790836071.184,2200.2,2200.2,2200.2,0.00000,1.90
1790836072.185,2200.2,2200.2,2200.2,0.00000,1.90
1790836073.187,2200.2,2200.2,2200.2,0.00000,1.90
1790836074.189,2200.2,2200.2,2200.2,0.00000,1.90
1790836075.191,2200.2,2200.2,2200.2,0.00000,1.83
1790836076.192,2200.2,2200.2,2200.2,0.00000,1.83
1790836077.194,2200.2,2200.2,2200.2,0.00000,1.83
1790836078.196,2200.2,2200.2,2200.2,0.00000,1.83
1790836079.197,2200.2,2200.2,2200.2,0.00000,1.83
1790836080.199,2200.2,2200.2,2200.2,0.00000,1.76
1790836081.201,2200.2,2200.2,2200.2,0.00000,1.76
1790836082.203,2200.2,2200.2,2200.2,0.00000,1.76
1790836083.204,2200.2,2200.2,2200.2,0.00000,1.76
1790836084.206,2200.2,2200.2,2200.2,0.00000,1.76
1790836085.208,2200.2,2200.2,2200.2,0.00000,1.70
1790836086.210,2200.2,2200.2,2200.2,0.00000,1.70
1790836087.211,2200.2,2200.2,2200.2,0.00000,1.70
1790836088.213,2200.2,2200.2,2200.2,0.00000,1.70
1790836089.215,2200.2,2200.2,2200.2,0.00000,1.70
1790836090.216,2200.2,2200.2,2200.2,0.00000,1.64
1790836091.218,2200.2,2200.2,2200.2,0.00000,1.64
1790836092.220,2200.2,2200.2,2200.2,0.00000,1.64
1790836093.222,2200.2,2200.2,2200.2,0.00000,1.64
1790836094.223,2200.2,2200.2,2200.2,0.00000,1.64
1790836095.225,2200.2,2200.2,2200.2,0.00000,1.59
1790836096.227,2200.2,2200.2,2200.2,0.00000,1.59
1790836097.229,2200.2,2200.2,2200.2,0.00000,1.59
1790836098.230,2200.2,2200.2,2200.2,0.00000,1.59
1790836099.232,2200.2,2200.2,2200.2,0.00000,1.59
1790836100.234,2200.2,2200.2,2200.2,0.00000,1.54
1790836101.235,2200.2,2200.2,2200.2,0.00000,1.54
1790836102.237,2200.2,2200.2,2200.2,0.00000,1.54
1790836103.239,2200.2,2200.2,2200.2,0.00000,1.54
1790836104.240,2200.2,2200.2,2200.2,0.00000,1.54
1790836105.242,2200.2,2200.2,2200.2,0.00000,1.50
1790836106.244,2200.2,2200.2,2200.2,0.00000,1.50
1790836107.245,2200.2,2200.2,2200.2,0.00000,1.50
1790836108.247,2200.2,2200.2,2200.2,0.00000,1.50
1790836109.249,2200.2,2200.2,2200.2,0.00000,1.50
1790836110.251,2200.2,2200.2,2200.2,0.00000,1.46
1790836111.252,2200.2,2200.2,2200.2,0.00000,1.46
1790836112.254,2200.2,2200.2,2200.2,0.00000,1.46
1790836113.256,2200.2,2200.2,2200.2,0.00000,1.46
1790836114.257,2200.2,2200.2,2200.2,0.00000,1.46
1790836115.259,2200.2,2200.2,2200.2,0.00000,1.42
1790836116.261,2200.2,2200.2,2200.2,0.00000,1.42
1790836117.263,2200.2,2200.2,2200.2,0.00000,1.42
1790836118.264,2200.2,2200.2,2200.2,0.00000,1.42
1790836119.266,2200.2,2200.2,2200.2,0.00000,1.42
1790836120.268,2200.2,2200.2,2200.2,0.00000,1.39
1790836121.269,2200.2,2200.2,2200.2,0.00000,1.39
1790836122.271,2200.2,2200.2,2200.2,0.00000,1.39
1790836123.273,2200.2,2200.2,2200.2,0.00000,1.39
1790836124.275,2200.2,2200.2,2200.2,0.00000,1.39
1790836125.276,2200.2,2200.2,2200.2,0.00000,1.36
1790836126.278,2200.2,2200.2,2200.2,0.00000,1.36
1790836127.280,2200.2,2200.2,2200.2,0.00000,1.36
1790836128.281,2200.2,2200.2,2200.2,0.00000,1.36
1790836129.283,2200.2,2200.2,2200.2,0.00000,1.36
1790836130.285,2200.2,2200.2,2200.2,0.00000,1.33
1790836131.287,2200.2,2200.2,2200.2,0.00000,1.33
1790836132.288,2200.2,2200.2,2200.2,0.00000,1.33
1790836133.290,2200.2,2200.2,2200.2,0.00000,1.33
1790836134.292,2200.2,2200.2,2200.2,0.00000,1.33
1790836135.293,2200.2,2200.2,2200.2,0.00000,1.30
1790836136.295,2200.2,2200.2,2200.2,0.00000,1.30
1790836137.297,2200.2,2200.2,2200.2,0.00000,1.30
1790836138.298,2200.2,2200.2,2200.2,0.00000,1.30
1790836139.300,2200.2,2200.2,2200.2,0.00000,1.30
1790836140.302,2200.2,2200.2,2200.2,0.00000,1.28
1790836141.303,2200.2,2200.2,2200.2,0.00000,1.28
1790836142.304,2200.2,2200.2,2200.2,0.00000,1.28
1790836143.306,2200.2,2200.2,2200.2,0.00000,1.28
1790836144.308,2200.2,2200.2,2200.2,0.00000,1.28
1790836145.310,2200.2,2200.2,2200.2,0.00000,1.25
1790836146.311,2200.2,2200.2,2200.2,0.00000,1.25
1790836147.312,2200.2,2200.2,2200.2,0.00000,1.25
1790836148.314,2200.2,2200.2,2200.2,0.00000,1.25
1790836149.316,2200.2,2200.2,2200.2,0.00000,1.25
1790836150.317,2200.2,2200.2,2200.2,0.00000,1.23
1790836151.319,2200.2,2200.2,2200.2,0.00000,1.23
1790836152.321,2200.2,2200.2,2200.2,0.00000,1.23
1790836153.322,2200.2,2200.2,2200.2,0.00000,1.23
1790836154.324,2200.2,2200.2,2200.2,0.00000,1.23
1790836155.326,2200.2,2200.2,2200.2,0.00000,1.14
1790836156.328,2200.2,2200.2,2200.2,0.00000,1.14
1790836157.330,2200.2,2200.2,2200.2,0.00000,1.14
1790836158.331,2200.2,2200.2,2200.2,0.00000,1.14
1790836159.333,2200.2,2200.2,2200.2,0.00000,1.14
1790836160.335,2200.2,2200.2,2200.2,0.00000,1.04
1790836161.337,2200.2,2200.2,2200.2,0.00000,1.04
